dataset/s1/resultImage1.jpg;0
dataset/s1/resultImage10.jpg;0
dataset/s1/resultImage11.jpg;0
dataset/s1/resultImage12.jpg;0
dataset/s1/resultImage13.jpg;0
dataset/s1/resultImage14.jpg;0
dataset/s1/resultImage15.jpg;0
dataset/s1/resultImage16.jpg;0
dataset/s1/resultImage17.jpg;0
dataset/s1/resultImage18.jpg;0
dataset/s1/resultImage19.jpg;0
dataset/s1/resultImage2.jpg;0
dataset/s1/resultImage20.jpg;0
dataset/s1/resultImage21.jpg;0
dataset/s1/resultImage22.jpg;0
dataset/s1/resultImage23.jpg;0
dataset/s1/resultImage24.jpg;0
dataset/s1/resultImage25.jpg;0
dataset/s1/resultImage26.jpg;0
dataset/s1/resultImage27.jpg;0
dataset/s1/resultImage28.jpg;0
dataset/s1/resultImage3.jpg;0
dataset/s1/resultImage4.jpg;0
dataset/s1/resultImage5.jpg;0
dataset/s1/resultImage6.jpg;0
dataset/s1/resultImage7.jpg;0
dataset/s1/resultImage8.jpg;0
dataset/s1/resultImage9.jpg;0
dataset/s1/s1_0.jpg;0
dataset/s1/s1_10.jpg;0
dataset/s1/s1_15.jpg;0
dataset/s1/s1_16.jpg;0
dataset/s1/s1_17.jpg;0
dataset/s1/s1_19.jpg;0
dataset/s1/s1_2.jpg;0
dataset/s1/s1_20.jpg;0
dataset/s1/s1_21.jpg;0
dataset/s1/s1_22.jpg;0
dataset/s1/s1_23.jpg;0
dataset/s1/s1_24.jpg;0
dataset/s1/s1_25.jpg;0
dataset/s1/s1_27.jpg;0
dataset/s1/s1_3.jpg;0
dataset/s1/s1_30.jpg;0
dataset/s1/s1_31.jpg;0
dataset/s1/s1_32.jpg;0
dataset/s1/s1_33.jpg;0
dataset/s1/s1_4.jpg;0
dataset/s1/s1_9.jpg;0
dataset/s100/resultImage1.jpg;1
dataset/s100/resultImage10.jpg;1
dataset/s100/resultImage11.jpg;1
dataset/s100/resultImage12.jpg;1
dataset/s100/resultImage13.jpg;1
dataset/s100/resultImage15.jpg;1
dataset/s100/resultImage16.jpg;1
dataset/s100/resultImage18.jpg;1
dataset/s100/resultImage19.jpg;1
dataset/s100/resultImage2.jpg;1
dataset/s100/resultImage20.jpg;1
dataset/s100/resultImage21.jpg;1
dataset/s100/resultImage22.jpg;1
dataset/s100/resultImage23.jpg;1
dataset/s100/resultImage24.jpg;1
dataset/s100/resultImage25.jpg;1
dataset/s100/resultImage26.jpg;1
dataset/s100/resultImage27.jpg;1
dataset/s100/resultImage28.jpg;1
dataset/s100/resultImage29.jpg;1
dataset/s100/resultImage3.jpg;1
dataset/s100/resultImage30.jpg;1
dataset/s100/resultImage31.jpg;1
dataset/s100/resultImage32.jpg;1
dataset/s100/resultImage33.jpg;1
dataset/s100/resultImage34.jpg;1
dataset/s100/resultImage35.jpg;1
dataset/s100/resultImage36.jpg;1
dataset/s100/resultImage37.jpg;1
dataset/s100/resultImage38.jpg;1
dataset/s100/resultImage39.jpg;1
dataset/s100/resultImage4.jpg;1
dataset/s100/resultImage40.jpg;1
dataset/s100/resultImage41.jpg;1
dataset/s100/resultImage42.jpg;1
dataset/s100/resultImage43.jpg;1
dataset/s100/resultImage44.jpg;1
dataset/s100/resultImage45.jpg;1
dataset/s100/resultImage46.jpg;1
dataset/s100/resultImage47.jpg;1
dataset/s100/resultImage48.jpg;1
dataset/s100/resultImage49.jpg;1
dataset/s100/resultImage5.jpg;1
dataset/s100/resultImage50.jpg;1
dataset/s100/resultImage51.jpg;1
dataset/s100/resultImage52.jpg;1
dataset/s100/resultImage53.jpg;1
dataset/s100/resultImage54.jpg;1
dataset/s100/resultImage6.jpg;1
dataset/s100/resultImage7.jpg;1
dataset/s100/resultImage8.jpg;1
dataset/s100/resultImage9.jpg;1
dataset/s101/resultImage10.jpg;2
dataset/s101/resultImage11.jpg;2
dataset/s101/resultImage12.jpg;2
dataset/s101/resultImage13.jpg;2
dataset/s101/resultImage14.jpg;2
dataset/s101/resultImage23.jpg;2
dataset/s101/resultImage24.jpg;2
dataset/s101/resultImage25.jpg;2
dataset/s101/resultImage26.jpg;2
dataset/s101/resultImage27.jpg;2
dataset/s101/resultImage28.jpg;2
dataset/s101/resultImage29.jpg;2
dataset/s101/resultImage30.jpg;2
dataset/s101/resultImage31.jpg;2
dataset/s101/resultImage32.jpg;2
dataset/s101/resultImage33.jpg;2
dataset/s101/resultImage34.jpg;2
dataset/s101/resultImage35.jpg;2
dataset/s101/resultImage36.jpg;2
dataset/s101/resultImage37.jpg;2
dataset/s101/resultImage38.jpg;2
dataset/s101/resultImage39.jpg;2
dataset/s101/resultImage40.jpg;2
dataset/s101/resultImage41.jpg;2
dataset/s101/resultImage42.jpg;2
dataset/s101/resultImage43.jpg;2
dataset/s101/resultImage44.jpg;2
dataset/s101/resultImage45.jpg;2
dataset/s101/resultImage46.jpg;2
dataset/s101/resultImage47.jpg;2
dataset/s101/resultImage48.jpg;2
dataset/s101/resultImage49.jpg;2
dataset/s101/resultImage8.jpg;2
dataset/s101/resultImage9.jpg;2
dataset/s2/resultImage1.jpg;3
dataset/s2/resultImage16.jpg;3
dataset/s2/resultImage2.jpg;3
dataset/s2/resultImage3.jpg;3
dataset/s2/resultImage4.jpg;3
dataset/s2/resultImage5.jpg;3
dataset/s2/resultImage6.jpg;3
dataset/s2/resultImage7.jpg;3
dataset/s2/resultImage8.jpg;3
dataset/s2/resultImage9.jpg;3
dataset/s3/resultImage17.jpg;4
dataset/s3/resultImage18.jpg;4
dataset/s3/resultImage19.jpg;4
dataset/s3/resultImage20.jpg;4
dataset/s3/resultImage21.jpg;4
dataset/s3/resultImage22.jpg;4
dataset/s3/resultImage23.jpg;4
dataset/s3/resultImage24.jpg;4
dataset/s3/resultImage25.jpg;4
dataset/s3/resultImage26.jpg;4
dataset/s3/resultImage27.jpg;4
dataset/s3/resultImage28.jpg;4
dataset/s3/resultImage29.jpg;4
dataset/s3/resultImage30.jpg;4
dataset/s3/resultImage31.jpg;4
dataset/s3/resultImage32.jpg;4
dataset/s3/resultImage33.jpg;4
dataset/s3/resultImage34.jpg;4
dataset/s3/resultImage35.jpg;4
dataset/s3/resultImage36.jpg;4
dataset/s3/resultImage37.jpg;4
dataset/s3/resultImage38.jpg;4
dataset/s3/resultImage39.jpg;4
dataset/s3/resultImage40.jpg;4
dataset/s3/resultImage41.jpg;4
dataset/s3/resultImage42.jpg;4
dataset/s3/resultImage43.jpg;4
dataset/s3/resultImage44.jpg;4
dataset/s3/resultImage45.jpg;4
dataset/s3/resultImage46.jpg;4
dataset/s3/resultImage47.jpg;4
dataset/s3/resultImage48.jpg;4
dataset/s3/resultImage49.jpg;4
dataset/s3/resultImage50.jpg;4
dataset/s3/resultImage51.jpg;4
dataset/s39/resultImage10 11.30.46 AM.jpg;5
dataset/s39/resultImage11 11.30.46 AM.jpg;5
dataset/s39/resultImage12 11.30.46 AM.jpg;5
dataset/s39/resultImage13 11.30.46 AM.jpg;5
dataset/s39/resultImage14 11.30.46 AM.jpg;5
dataset/s39/resultImage15 11.30.46 AM.jpg;5
dataset/s39/resultImage16 11.30.46 AM.jpg;5
dataset/s39/resultImage17 11.30.46 AM.jpg;5
dataset/s39/resultImage18 11.30.46 AM.jpg;5
dataset/s39/resultImage19 11.30.46 AM.jpg;5
dataset/s39/resultImage20 11.30.46 AM.jpg;5
dataset/s39/resultImage21 11.30.46 AM.jpg;5
dataset/s39/resultImage22 11.30.46 AM.jpg;5
dataset/s39/resultImage23 11.30.46 AM.jpg;5
dataset/s39/resultImage24 11.30.46 AM.jpg;5
dataset/s39/resultImage25 11.30.46 AM.jpg;5
dataset/s39/resultImage26 11.30.46 AM.jpg;5
dataset/s39/resultImage27 11.30.46 AM.jpg;5
dataset/s39/resultImage28 11.30.46 AM.jpg;5
dataset/s39/resultImage30 11.30.46 AM.jpg;5
dataset/s39/resultImage31 11.30.46 AM.jpg;5
dataset/s39/resultImage5 11.30.45 AM.jpg;5
dataset/s39/resultImage6 11.30.46 AM.jpg;5
dataset/s39/resultImage7 11.30.46 AM.jpg;5
dataset/s39/resultImage8 11.30.46 AM.jpg;5
dataset/s39/resultImage9 11.30.46 AM.jpg;5
dataset/s4/resultImage920.jpg;6
dataset/s4/resultImage921.jpg;6
dataset/s4/resultImage922.jpg;6
dataset/s4/resultImage923.jpg;6
dataset/s4/resultImage924.jpg;6
dataset/s4/resultImage925.jpg;6
dataset/s4/resultImage926.jpg;6
dataset/s4/resultImage927.jpg;6
dataset/s4/resultImage928.jpg;6
dataset/s4/resultImage929.jpg;6
dataset/s4/resultImage933.jpg;6
dataset/s4/resultImage934.jpg;6
dataset/s4/resultImage935.jpg;6
dataset/s4/resultImage936.jpg;6
dataset/s5/resultImage938.jpg;7
dataset/s5/resultImage939.jpg;7
dataset/s5/resultImage940.jpg;7
dataset/s5/resultImage942.jpg;7
dataset/s5/resultImage943.jpg;7
dataset/s6/resultImage111.jpg;8
dataset/s6/resultImage112.jpg;8
dataset/s6/resultImage113.jpg;8
dataset/s6/resultImage114.jpg;8
dataset/s6/resultImage115.jpg;8
dataset/s6/resultImage116.jpg;8
dataset/s6/resultImage117.jpg;8
dataset/s6/resultImage118.jpg;8
dataset/s6/resultImage119.jpg;8
dataset/s6/resultImage120.jpg;8
dataset/s6/resultImage121.jpg;8
dataset/s6/resultImage122.jpg;8
dataset/s6/resultImage123.jpg;8
dataset/s6/resultImage124.jpg;8
dataset/s6/resultImage125.jpg;8
dataset/s6/resultImage126.jpg;8
dataset/s6/resultImage127.jpg;8
dataset/s6/resultImage128.jpg;8
dataset/s6/resultImage129.jpg;8
dataset/s6/resultImage130.jpg;8
dataset/s6/resultImage131.jpg;8
dataset/s6/resultImage132.jpg;8
dataset/s6/resultImage133.jpg;8
dataset/s6/resultImage134.jpg;8
dataset/s6/resultImage135.jpg;8
dataset/s6/resultImage136.jpg;8
dataset/s6/resultImage137.jpg;8
dataset/s6/resultImage138.jpg;8
dataset/s6/resultImage139.jpg;8
dataset/s6/resultImage140.jpg;8
dataset/s6/resultImage141.jpg;8
dataset/s6/resultImage142.jpg;8
dataset/s6/resultImage143.jpg;8
dataset/s6/resultImage144.jpg;8
dataset/s6/resultImage145.jpg;8
dataset/s6/resultImage146.jpg;8
dataset/s6/resultImage147.jpg;8
dataset/s6/resultImage148.jpg;8
dataset/s6/resultImage149.jpg;8
dataset/s6/resultImage150.jpg;8
dataset/s6/resultImage151.jpg;8
dataset/s6/resultImage152.jpg;8
dataset/s6/resultImage153.jpg;8
dataset/s6/resultImage154.jpg;8
dataset/s6/resultImage155.jpg;8
dataset/s6/resultImage156.jpg;8
dataset/s6/resultImage157.jpg;8
dataset/s6/resultImage158.jpg;8
dataset/s6/resultImage159.jpg;8
dataset/s6/resultImage160.jpg;8
dataset/s6/resultImage161.jpg;8
dataset/s6/resultImage162.jpg;8
dataset/s6/resultImage163.jpg;8
dataset/s6/resultImage164.jpg;8
dataset/s6/resultImage165.jpg;8
dataset/s6/resultImage166.jpg;8
dataset/s6/resultImage167.jpg;8
dataset/s6/resultImage168.jpg;8
dataset/s6/resultImage169.jpg;8
dataset/s6/resultImage170.jpg;8
dataset/s6/resultImage171.jpg;8
dataset/s6/resultImage172.jpg;8
dataset/s6/resultImage173.jpg;8
dataset/s6/resultImage174.jpg;8
dataset/s6/resultImage175.jpg;8
dataset/s6/resultImage176.jpg;8
dataset/s6/resultImage177.jpg;8
dataset/s6/resultImage178.jpg;8
dataset/s6/resultImage179.jpg;8
dataset/s7/resultImage1.jpg;9
dataset/s7/resultImage10.jpg;9
dataset/s7/resultImage11.jpg;9
dataset/s7/resultImage12.jpg;9
dataset/s7/resultImage13.jpg;9
dataset/s7/resultImage14.jpg;9
dataset/s7/resultImage15.jpg;9
dataset/s7/resultImage16.jpg;9
dataset/s7/resultImage17.jpg;9
dataset/s7/resultImage18.jpg;9
dataset/s7/resultImage19.jpg;9
dataset/s7/resultImage2.jpg;9
dataset/s7/resultImage20.jpg;9
dataset/s7/resultImage21.jpg;9
dataset/s7/resultImage22.jpg;9
dataset/s7/resultImage23.jpg;9
dataset/s7/resultImage24.jpg;9
dataset/s7/resultImage25.jpg;9
dataset/s7/resultImage26.jpg;9
dataset/s7/resultImage27.jpg;9
dataset/s7/resultImage28.jpg;9
dataset/s7/resultImage29.jpg;9
dataset/s7/resultImage3.jpg;9
dataset/s7/resultImage30.jpg;9
dataset/s7/resultImage31.jpg;9
dataset/s7/resultImage32.jpg;9
dataset/s7/resultImage33.jpg;9
dataset/s7/resultImage34.jpg;9
dataset/s7/resultImage35.jpg;9
dataset/s7/resultImage36.jpg;9
dataset/s7/resultImage37.jpg;9
dataset/s7/resultImage38.jpg;9
dataset/s7/resultImage39.jpg;9
dataset/s7/resultImage4.jpg;9
dataset/s7/resultImage40.jpg;9
dataset/s7/resultImage41.jpg;9
dataset/s7/resultImage42.jpg;9
dataset/s7/resultImage43.jpg;9
dataset/s7/resultImage44.jpg;9
dataset/s7/resultImage45.jpg;9
dataset/s7/resultImage46.jpg;9
dataset/s7/resultImage47.jpg;9
dataset/s7/resultImage48.jpg;9
dataset/s7/resultImage49.jpg;9
dataset/s7/resultImage5.jpg;9
dataset/s7/resultImage50.jpg;9
dataset/s7/resultImage51.jpg;9
dataset/s7/resultImage52.jpg;9
dataset/s7/resultImage53.jpg;9
dataset/s7/resultImage54.jpg;9
dataset/s7/resultImage55.jpg;9
dataset/s7/resultImage56.jpg;9
dataset/s7/resultImage57.jpg;9
dataset/s7/resultImage6.jpg;9
dataset/s7/resultImage7.jpg;9
dataset/s7/resultImage8.jpg;9
dataset/s7/resultImage9.jpg;9
